{
    "center_camera-intrinsic": {
        "sensor_name": "center_camera",
        "target_sensor_name": "center_camera",
        "device_type": "camera",
        "param_type": "intrinsic",
        "param": {
            "img_dist_w": 1280,
            "img_dist_h": 720,
            "cam_K": {
                "rows": 3,
                "cols": 3,
                "type": 6,
                "continuous": true,
                "data": [
                    [
                        610.6340942382812, 
                        0.0, 
                        635.8567504882812
                    ],
                    [
                        0.0, 
                        610.8860473632812, 
                        355.1409912109375
                    ],
                    [
                        0,
                        0,
                        1
                    ]
                ]
            },
            "cam_dist": {
                "rows": 1,
                "cols": 8,
                "type": 6,
                "continuous": true,
                "data": [
                    [
                        -0.03164944052696228, 
                        0.03454863280057907, 
                        3.312328044557944e-05, 
                        -0.0008416193886660039, 
                        -0.011783664114773273, 
                        0.0, 
                        0.0, 
                        0.0
                    ]
                ]
            }
        }
    }
}
